mea_capex_multiplier;oxy_capex_multiplier;type_installed;size_ccs;capex;opex_fixed;opex_variable;energy_cost;transport_stor_cost;tot_co2_captured;tot_co2_avoided;fraction_avoided;cost_of_avoided
1.0;1.0;Oxyfuel + MEA;95.34924245322402;17645374.89289459;20014052.33282385;1704848.1799597165;15060841.358703382;11519966.165218398;656765.5820178068;600254.6699255495;0.9880860465116279;109.86184070467823
1.5;1.0;Oxyfuel + MEA;95.34924245322402;19853769.25234367;20414966.012358874;1704848.1799597165;15060841.358703382;11519966.165218396;656765.5820178068;600254.6699255496;0.988086046511628;114.20884235200856
2.0;1.0;Oxyfuel + MEA;95.34924245322402;22062163.611792747;20815879.6918939;1704848.1799597165;15060841.358703386;11519966.165218394;656765.5820178069;600254.6699255496;0.988086046511628;118.55584399933893
1.0;1.5;MEA;79.37617225502161;14404244.234292328;5121728.453172213;3991224.443795946;34975790.268160716;9942921.09824885;546743.0744925889;546743.0744925889;0.9;125.17014241320345
1.5;1.5;Oxyfuel + MEA;95.34924245322402;26468062.339341883;30021078.499235775;1704848.1799597165;15060841.358703382;11519966.165218394;656765.5820178068;600254.6699255495;0.9880860465116279;141.23138192823038
2.0;1.5;Oxyfuel + MEA;95.34924245322402;28676456.698790964;30421992.178770803;1704848.1799597165;15060841.358703386;11519966.165218394;656765.5820178069;600254.6699255496;0.988086046511628;145.57838357556074
1.0;2.0;MEA;79.37617225502161;14404244.234292328;5121728.453172213;3991224.443795946;34975790.26816071;9942921.09824885;546743.0744925889;546743.0744925889;0.9;125.17014241320345
1.5;2.0;MEA;79.37617225502159;21606366.351438485;7682592.679758316;3991224.443795946;34975790.2681607;9942921.098248847;546743.0744925886;546743.0744925886;0.8999999999999996;143.026767945759
2.0;2.0;MEA;79.37617225502161;28808488.468584657;10243456.906344427;3991224.443795946;34975790.26816071;9942921.09824885;546743.0744925889;546743.0744925889;0.9;160.88339347831453
