node,tech,sector,family,captured_annual_t,max_captured_t_h,capacity_factor,capture_eur_per_t,transport_eur_per_t,storage_eur_per_t,total_eur_per_t
TERMOVALORIZZATORE COMO,WasteToEnergyEmitter_existing,Waste,MEA retrofit,47834.29556239032,11.407392000000002,0.4786839992089267,152.75730900392728,46.04599120847154,50.595527699920815,249.39882791231963
TERMOVALORIZZATORE DI BOLZANO,WasteToEnergyEmitter_existing,Waste,MEA retrofit,88554.81851060443,16.02505432221372,0.6308245415966978,129.16479280045166,56.824471143497234,50.595527699920815,236.58479164386972
Fassa Cerano Dolce,LimeEmitter_existing,Lime,MEA retrofit,80362.25158812304,18.0063829787234,0.5094733919178922,129.3569843775135,38.41447325183228,50.595527699920815,218.36698532926658
Impianto di termovalorizzazione di Valmadrera,WasteToEnergyEmitter_existing,Waste,MEA retrofit,75257.92225036069,14.22090129052569,0.6041169149106568,132.97692228214777,33.20144879596029,50.595527699920815,216.77389877802887
Impianto di Termovalorizzazione Rifiuti di Trieste,WasteToEnergyEmitter_existing,Waste,MEA retrofit,141963.91066036798,17.931602392350953,0.9037633960356025,112.4573641388651,43.855004745519615,50.595527699920815,206.90789658430552
Fassa Montichiari Lime,LimeEmitter_existing,Lime,MEA retrofit,136620.5416069933,29.50873003066,0.5285199404392131,125.55357945655983,25.352247671832355,50.595527699920815,201.501354828313
Termovalorizzatore di Rimini,WasteToEnergyEmitter_existing,Waste,MEA retrofit,88296.90140047217,14.531303071403801,0.6936442592149488,126.36888639796763,23.759364919749693,50.595527699920815,200.72377901763812
Termovalorizzatore di Dalmine,WasteToEnergyEmitter_existing,Waste,MEA retrofit,171003.87919212808,21.46297424261845,0.9095193683173127,110.03267865127447,25.255783129309958,50.595527699920815,185.88398948050522
Iplom S.p.A - Raffineria di Busalla,RefineryEmitter_existing,Refining,MEA retrofit,186069.65316032554,29.51097226027397,0.7197603589269661,115.4214601692921,19.34851366435255,50.595527699920815,185.36550153356546
STABILIMENTO DI PONTE DELLA PRIULA,CementEmitter_existing,Cement,MEA retrofit,168383.85489687813,25.666632000000003,0.748906254779975,113.70687064477855,19.023614254854518,50.595527699920815,183.32601259955388
TERMOVALORIZZATORE DI DESIO,WasteToEnergyEmitter_existing,Waste,MEA retrofit,100373.68720395664,12.428699827153748,0.9219132837803279,115.64821210104701,16.56611757332894,50.595527699920815,182.80985737429677
Unicalce Val Brembilla Lime,LimeEmitter_existing,Lime,MEA retrofit,195443.8984562132,31.634163701067862,0.7052801371069582,114.10134335978357,17.165845324363584,50.595527699920815,181.86271638406797
TERMOVALORIZZATORE BUSTO ARSIZIO,WasteToEnergyEmitter_existing,Waste,MEA retrofit,110385.62717994333,14.004811293355466,0.8997692813699505,115.52565238545685,13.446669460307,50.595527699920815,179.56784954568465
HERAMBIENTE S.R.L.  - Termovalorizzatore,WasteToEnergyEmitter_existing,Waste,MEA retrofit,167900.23741657977,21.361434968856706,0.8972568461322701,110.6309490538174,15.96875205078438,50.595527699920815,177.1952288045226
TermoTrezzo,WasteToEnergyEmitter_existing,Waste,MEA retrofit,201286.8587651786,24.858708085208804,0.9243421594988397,108.29566178277872,17.28122506085628,50.595527699920815,176.17241454355582
TRM - TERMOVALORIZZATORE DEL GERBIDO,WasteToEnergyEmitter_existing,Waste,MEA retrofit,559657.2422241467,68.87870372320167,0.9275408738240476,100.17735417757807,25.284871619222656,50.595527699920815,176.05775349672155
TERMOVALORIZZATORE DI CORTEOLONA E GENZONE,WasteToEnergyEmitter_existing,Waste,MEA retrofit,107933.74570963962,13.466418605569942,0.9149577336795484,115.43314125569405,8.85674059732762,50.595527699920815,174.8854095529425
Piacenza,WasteToEnergyEmitter_existing,Waste,MEA retrofit,99560.79456873846,12.200146818704166,0.931577929080531,116.93495533052446,7.09740302383032,50.595527699920815,174.6278860542756
FRULLO ENERGIA AMBIENTE S.R.L.,WasteToEnergyEmitter_existing,Waste,MEA retrofit,168063.26412703563,21.09486246236288,0.9094775639481386,111.21368521201097,12.476335386394577,50.595527699920815,174.28554829832638
Cementirossi - Cementeria di Pederobba,CementHybridCCS,Cement,Oxyfuel + MEA hybrid,286016.5068994742,47.98390053725709,0.6804425194735421,94.24469024889126,28.582196001536257,50.595527699920815,173.42241395034833
HERAMBIENTE - 3^ LINEA,WasteToEnergyEmitter_existing,Waste,MEA retrofit,129553.1063394245,16.107459604246742,0.918156416573976,113.08668990127153,9.724471465755562,50.595527699920815,173.4066890669479
TERMOVALORIZZAOTRE DI VERONA,WasteToEnergyEmitter_existing,Waste,MEA retrofit,180663.54727849975,23.020118607071524,0.8958986251862976,109.71714527909629,12.995868124076928,50.595527699920815,173.30854110309403
LOMELLINA ENERGIA,WasteToEnergyEmitter_existing,Waste,MEA retrofit,304301.068699238,37.49295584460278,0.9265091038428999,105.14537371156835,15.740660728312822,50.595527699920815,171.48156213980198
TERMOVALORIZZATORE - PAIP,WasteToEnergyEmitter_existing,Waste,MEA retrofit,189901.43141246753,23.289382831853054,0.9308209561217333,108.33240244312088,12.188428619534916,50.595527699920815,171.11635876257662
Ferrara,WasteToEnergyEmitter_existing,Waste,MEA retrofit,117067.88694515465,14.784137815242865,0.903935975289437,115.71372264053062,3.25953640556645,50.595527699920815,169.56878674601788
Impianto di Termovalorizzazione di San Lazzaro (PD),WasteToEnergyEmitter_existing,Waste,MEA retrofit,161246.3608819955,19.95590311219675,0.9223896667896452,109.71347095925414,9.1310922781223,50.595527699920815,169.44009093729724
Stabilimento di Tavernola Bergamasca,CementHybridCCS,Cement,Oxyfuel + MEA hybrid,34688.62595181608,4.506772242668147,0.8786529680365134,92.27938242884541,24.92041395088034,50.595527699920815,167.79532407964658
RAFFINERIA SARPOM DI TRECATE,RefineryEmitter_existing,Refining,MEA retrofit,703079.1195715754,96.24986999999999,0.8338730583955576,104.51038577974687,12.47845971601549,50.595527699920815,167.58437319568318
MONSELICE cement plant,CementHybridCCS,Cement,Oxyfuel + MEA hybrid,355450.39833602327,62.90655762315334,0.6450286110629434,106.08147904229996,9.557073505603475,50.595527699920815,166.23408024782424
Colacem - Stabilimento di Caravate,CementHybridCCS,Cement,Oxyfuel + MEA hybrid,552164.6839604652,86.65484682367627,0.7273972602739727,88.79829741368522,24.178380651776834,50.595527699920815,163.57220576538288
SILLA 2,WasteToEnergyEmitter_existing,Waste,MEA retrofit,664902.3697504585,80.67213513710588,0.9408713042549078,99.16825371931654,13.803138536079874,50.595527699920815,163.56691995531722
Holcim (Italia) S.p.A.-unità produttiva di Ternate,CementHybridCCS,Cement,Oxyfuel + MEA hybrid,580524.3431790696,99.59244178745405,0.6654109589041095,90.60406864391133,22.301275745598833,50.595527699920815,163.50087208943097
FANNA cement plant,CementHybridCCS,Cement,Oxyfuel + MEA hybrid,325029.4481809871,43.00020904671878,0.8628753000988514,87.02911590360121,25.058456948407425,50.595527699920815,162.68310055192944
TERMOVALORIZZATORE DI BRESCIA,WasteToEnergyEmitter_existing,Waste,MEA retrofit,779828.3943420695,96.34270680455245,0.9240087719771861,99.39008503584199,9.529338889604597,50.595527699920815,159.51495162536742
Ferrara,FertilizerCombustionEmitter_existing,FertilizersCombustion,MEA retrofit,436719.6,55.393150684931506,0.8999999999999999,104.87351207052541,3.2737913552857054,50.595527699920815,158.74283112573193
Piacenza,CementHybridCCS,Cement,Oxyfuel + MEA hybrid,427536.6203166515,67.60396657898372,0.721933234604466,97.1769003248188,9.158442490062427,50.595527699920815,156.93087051480205
Ravenna,UnspecifiedEmitter_existing,Other,MEA retrofit,450000.0,57.077625570776256,0.9,104.59019273434855,1.3663086970734473,50.595527699920815,156.5520291313428
RAFFINERIA DI SANNAZZARO DE' BURGONDI,RefineryEmitter_existing,Refining,MEA retrofit,1437537.5999999996,182.3360730593607,0.8999999999999999,93.03537047774326,11.17603262641658,50.595527699920815,154.80693080408065
ROBILANTE cement plant,CementHybridCCS,Cement,Oxyfuel + MEA hybrid,928607.2358103681,118.8141489443148,0.8921950218696386,69.77710431236086,27.964840769638876,50.595527699920815,148.33747278192055
Italcementi Calusco D'Adda,CementHybridCCS,Cement,Oxyfuel + MEA hybrid,842779.590416259,126.39924266846539,0.7611415525114148,76.51678395685693,18.305913160413702,50.595527699920815,145.41822481719143
VERNASCA cement plant,CementHybridCCS,Cement,Oxyfuel + MEA hybrid,633834.8217923212,91.3626474699335,0.7919601201111763,81.72314604072899,12.946833832361165,50.595527699920815,145.26550757301098
Italcementi di Rezzato,CementHybridCCS,Cement,Oxyfuel + MEA hybrid,985798.027762159,155.46864323020898,0.7238374188896891,75.32207290535922,14.41515541506075,50.595527699920815,140.33275602034078
Ferrara,FertilizerSMREmitter_existing,FertilizersSMR,Direct capture (integrated),161748.0,20.51598173515982,0.8999999999999998,8.946217397015126,3.2737913552857054,50.595527699920815,62.81553645222165
