case_name;mea_capex_multiplier;capex_ratio_change;capex_ratio;oxy_capex_multiplier
mea_1.00_ratio_0.50;1.0;0.5;0.59805254526345;0.5
mea_1.50_ratio_0.50;1.5;0.5;0.59805254526345;0.75
mea_2.00_ratio_0.50;2.0;0.5;0.59805254526345;1.0
mea_1.00_ratio_1.00;1.0;1.0;1.1961050905269;1.0
mea_1.50_ratio_1.00;1.5;1.0;1.1961050905269;1.5
mea_2.00_ratio_1.00;2.0;1.0;1.1961050905269;2.0
mea_1.00_ratio_1.50;1.0;1.5;1.79415763579035;1.5
mea_1.50_ratio_1.50;1.5;1.5;1.79415763579035;2.25
mea_2.00_ratio_1.50;2.0;1.5;1.79415763579035;3.0
