mea_capex_multiplier;capex_ratio_change;capex_ratio;oxy_capex_multiplier;type_installed;size_ccs;capex;opex_fixed;opex_variable;energy_cost;transport_stor_cost;tot_co2_captured;tot_co2_avoided;fraction_avoided;cost_of_avoided
1.0;0.5;0.59805254526345;0.5;Oxyfuel + PCC;95.34924245322402;11031081.805896373;10407939.84594695;2861515.223991226;15060841.358703386;11519966.165218396;656765.5820178068;600254.6699255495;0.9880860465116279;84.76626163702687
1.5;0.5;0.59805254526345;0.75;Oxyfuel + PCC;95.34924245322398;16546622.708844557;15611909.768920425;2861515.2239912245;15060841.358703382;11519966.165218394;656765.5820178066;600254.6699255493;0.9880860465116275;102.62453307246814
2.0;0.5;0.59805254526345;1.0;Oxyfuel + PCC;95.34924245322398;22062163.611792743;20815879.691893898;2861515.2239912245;15060841.358703382;11519966.165218394;656765.5820178066;600254.6699255493;0.9880860465116275;120.48280450790939
1.0;1.0;1.1961050905269;1.0;Oxyfuel + PCC;95.34924245322402;17645374.89289459;20014052.33282385;2861515.223991226;15060841.358703382;11519966.165218396;656765.5820178068;600254.6699255495;0.9880860465116279;111.78880121324865
1.5;1.0;1.1961050905269;1.5;Oxyfuel + PCC;95.34924245322402;26468062.339341883;30021078.499235775;2861515.2239912245;15060841.358703382;11519966.165218394;656765.5820178066;600254.6699255493;0.9880860465116275;143.15834243680087
2.0;1.0;1.1961050905269;2.0;MEA;79.37617225502163;25053488.177285396;10141204.042606669;3991224.443795946;34975790.268160716;9942921.09824885;546743.074492589;546743.074492589;0.9000000000000002;153.82842866030234
1.0;1.5;1.79415763579035;1.5;MEA;79.37617225502161;14404244.234292328;5121728.453172213;3991224.443795946;34975790.26816071;9942921.09824885;546743.0744925889;546743.0744925889;0.9;125.17014241320345
1.5;1.5;1.79415763579035;2.25;MEA;79.37617225502161;19728866.20578886;7631466.24788944;3991224.443795946;34975790.26816071;9942921.09824885;546743.0744925889;546743.0744925889;0.9;139.49928553675286
2.0;1.5;1.79415763579035;3.0;MEA;79.37617225502161;25053488.17728539;10141204.042606667;3991224.443795946;34975790.26816071;9942921.09824885;546743.0744925889;546743.0744925889;0.9;153.8284286603023
