case_name;mea_capex_multiplier;capex_ratio;is_baseline_ratio;cal_capex_multiplier
mea_1.00_ratio_6.67;1.0;6.6733939672919;1;1.0
mea_1.50_ratio_6.67;1.5;6.6733939672919;1;1.5
mea_2.00_ratio_6.67;2.0;6.6733939672919;1;2.0
mea_1.00_ratio_4.50;1.0;4.5;0;0.6743195474530218
mea_1.50_ratio_4.50;1.5;4.5;0;1.0114793211795328
mea_2.00_ratio_4.50;2.0;4.5;0;1.3486390949060436
mea_1.00_ratio_3.00;1.0;3.0;0;0.4495463649686812
mea_1.50_ratio_3.00;1.5;3.0;0;0.6743195474530218
mea_2.00_ratio_3.00;2.0;3.0;0;0.8990927299373624
