mea_capex_multiplier;capex_ratio;cal_capex_multiplier;type_installed;size_ccs;capex;opex_fixed;opex_variable;energy_cost;transport_stor_cost;tot_co2_captured;tot_co2_avoided;fraction_avoided;cost_of_avoided
1.0;6.6733939672919;1.0;MEA;24.659614847372456;4618106.379511539;2176724.6919554193;1392027.1220813259;7897438.934508136;4692754.3021341385;190688.64686045545;191464.65568024013;0.898735530689854;108.51638051092701
1.5;6.6733939672919;1.5;MEA;24.28478452124456;6854879.921327425;3231018.3349914635;1385969.9652239066;7939205.218276902;4668536.796104309;189858.8993457413;191552.8240078399;0.8991493930208095;125.70741444635905
2.0;6.6733939672919;2.0;MEA;23.85684207838304;9029811.34101728;4256162.95824055;1376818.3120845787;7973156.155070016;4638651.565213136;188605.24823076287;191493.95010060765;0.8988730387659097;142.43061108351438
1.0;4.5;0.6743195474530218;MEA;24.65961484737246;4618106.379511539;2176724.6919554193;1392027.1220813259;7896806.158600635;4692754.302134138;190688.64686045545;191476.49093995497;0.8987910854259639;108.50636833948626
1.5;4.5;1.0114793211795328;MEA;24.284784521244564;6854879.921327427;3231018.3349914644;1385969.9652239187;7939203.808107025;4668536.79610431;189858.89934574132;191552.99460111532;0.8991501937860337;125.70729513206963
2.0;4.5;1.3486390949060436;MEA;23.85684207838304;9029811.34101728;4256162.95824055;1376818.3120845787;7972109.151659654;4638651.565213136;188605.24823076287;191483.31771467533;0.89882313032208;142.4330518904778
1.0;3.0;0.4495463649686812;MEA;24.659614847372456;4618106.379511539;2176724.6919554193;1392027.1220813259;7899253.498688129;4692754.3021341385;190688.64686045545;191484.71737485562;0.8988297003301604;108.5144876271942
1.5;3.0;0.6743195474530218;MEA;24.284784521244568;6854879.921327428;3231018.334991465;1385969.9652239187;7938641.6584191555;4668536.79610431;189858.89934574132;191541.6158830964;0.8990967820576864;125.71182802781847
2.0;3.0;0.8990927299373624;MEA;23.85684207838304;9029811.34101728;4256162.95824055;1376818.3120845787;7950642.827315649;4638651.565213135;188605.24823076287;191216.5948796725;0.8975711327259092;142.51946605900082
