mea_capex_multiplier;cal_capex_multiplier;type_installed;size_ccs;capex;opex_fixed;opex_variable;energy_cost;transport_stor_cost;tot_co2_captured;tot_co2_avoided;fraction_avoided;cost_of_avoided
1.0;1.0;MEA;24.659614847372456;4618106.379511539;2176724.6919554193;1392027.1220813259;10216597.125049254;4692754.3021341385;190688.64686045545;191464.65568024013;0.898735530689854;120.62910273791745
1.5;1.0;MEA;24.284784521244564;6854879.921327427;3231018.3349914644;1385969.9652239187;10247833.209250791;4668536.79610431;189858.89934574132;191552.99460111532;0.8991501937860337;137.75946589531554
2.0;1.0;MEA;23.85684207838304;9029811.34101728;4256162.95824055;1376818.3120845787;10262390.403019182;4638651.565213136;188605.24823076287;191455.41725016336;0.8986921654779914;154.4162865913866
1.0;0.5;MEA;24.659614847372456;4618106.379511539;2176724.6919554193;1392027.1220813259;10217450.840531476;4692754.3021341385;190688.64686045545;191493.56985704452;0.8988712539017567;120.6153467892239
1.5;0.5;MEA;24.284784521244568;6854879.921327428;3231018.334991465;1385969.9652239187;10240709.459501063;4668536.79610431;189858.89934574132;191463.76315285184;0.8987313411642567;137.78646174465544
2.0;0.5;CaL;49.08433715077945;15891363.218611537;9376025.092171077;756068.0100153544;-7207709.643378584;7343818.93065727;391745.08290951594;175102.88599196015;0.821933346435128;149.39539950973605
1.0;0.25;CaL;51.72861864630585;8278478.170901803;4884365.047075401;773706.9819336047;-7390115.59112565;7538650.153472282;400884.4465977217;179188.01437710598;0.8411089483973607;78.60506078612491
1.5;0.25;CaL;51.72861864630585;8278478.170901802;4884365.0470754;773706.9819336047;-7390115.59112565;7538650.153472282;400884.4465977217;179188.01437710598;0.8411089483973607;78.60506078612491
2.0;0.25;CaL;51.72861864630585;8278478.170901802;4884365.0470754;773706.9819336047;-7390115.59112565;7538650.153472282;400884.4465977217;179188.01437710598;0.8411089483973607;78.60506078612491
